numodt,elemento,nombre_proceso
H4236,,Corte
H4236,,Encuadernacion
H4224,,Grabado
G0899,,Hot Stamping
J1068,,Hot Stamping
B6099,,Serigrafia
F1662,,Digital
L1032,,Acabado
H4220,,Acabado
H4016,,Acabado
B6054,,Suaje
I3406,Abanico,Acabado
B6099,Albanene,Corte
F1662,Albanene,Corte
B6099,Albanene,Serigrafia
68227,Armado,Encuadernacion
M0696,Asa,Corte
M0696,Asa,Suaje
M0696,Asa,Encuadernacion
68071,Boleto,Corte
I3015,Boleto,Corte
68118,Boleto,Corte
D2168,Boleto,Corte
K2680V1,Boleto,Corte
I3233,Boleto,Corte
I3248,Boleto,Corte
G0889V2,Boleto,Corte
H3831,Boleto,Corte
I3258,Boleto,Corte
G0899,Boleto,Corte
H3924,Boleto,Corte
H3926,Boleto,Corte
68225,Boleto,Corte
H3960,Boleto,Corte
B5887,Boleto,Corte
H3962,Boleto,Corte
B5894,Boleto,Corte
B5903,Boleto,Corte
G0902,Boleto,Corte
I3322,Boleto,Corte
F1586,Boleto,Corte
D2342,Boleto,Corte
B5991,Boleto,Corte
J1058,Boleto,Corte
J1059,Boleto,Corte
D2353V1,Boleto,Corte
J1066,Boleto,Corte
B6022,Boleto,Corte
J1068,Boleto,Corte
J1069,Boleto,Corte
B6040,Boleto,Corte
H4100,Boleto,Corte
F1612,Boleto,Corte
J1070,Boleto,Corte
H4124,Boleto,Corte
I3386,Boleto,Corte
L1032,Boleto,Corte
H4131,Boleto,Corte
H4133,Boleto,Corte
I3392,Boleto,Corte
B6064,Boleto,Corte
I3401,Boleto,Corte
F1627,Boleto,Corte
B6079,Boleto,Corte
B6082,Boleto,Corte
G0913,Boleto,Corte
I3405,Boleto,Corte
L1040,Boleto,Corte
B6091,Boleto,Corte
H4167,Boleto,Corte
B6092,Boleto,Corte
D2386,Boleto,Corte
I3412,Boleto,Corte
B5887OT,Boleto,Corte
B6098,Boleto,Corte
I3415,Boleto,Corte
B6113,Boleto,Corte
H4201,Boleto,Corte
B6118,Boleto,Corte
B6119,Boleto,Corte
B6121,Boleto,Corte
B6122,Boleto,Corte
H4212,Boleto,Corte
I3419,Boleto,Corte
H4215,Boleto,Corte
J1083,Boleto,Corte
H4218,Boleto,Corte
68117D,Boleto,Corte
K2715,Boleto,Corte
H4220,Boleto,Corte
B5918E1,Boleto,Corte
B6133,Boleto,Corte
H4229,Boleto,Corte
B6135,Boleto,Corte
F1612E1,Boleto,Corte
H3720E1,Boleto,Corte
H4244,Boleto,Corte
F1660,Boleto,Corte
F1661,Boleto,Corte
H4247,Boleto,Corte
I3426,Boleto,Corte
J1088,Boleto,Corte
68118,Boleto,Grabado
G0899,Boleto,Grabado
G0899,Boleto,Grabado
H3926,Boleto,Grabado
B5903,Boleto,Grabado
I3322,Boleto,Grabado
F1586,Boleto,Grabado
B6022,Boleto,Grabado
J1069,Boleto,Grabado
J1069,Boleto,Grabado
I3386,Boleto,Grabado
L1032,Boleto,Grabado
B6064,Boleto,Grabado
I3405,Boleto,Grabado
L1040,Boleto,Grabado
B6098,Boleto,Grabado
H4212,Boleto,Grabado
68117D,Boleto,Grabado
68117D,Boleto,Grabado
H4229,Boleto,Grabado
H3720E1,Boleto,Grabado
H4244,Boleto,Grabado
H4247,Boleto,Grabado
J1088,Boleto,Grabado
K2680V1,Boleto,Hot Stamping
G0889V2,Boleto,Hot Stamping
68225,Boleto,Hot Stamping
H3960,Boleto,Hot Stamping
G0902,Boleto,Hot Stamping
D2342,Boleto,Hot Stamping
F1612,Boleto,Hot Stamping
J1070,Boleto,Hot Stamping
B6079,Boleto,Hot Stamping
G0913,Boleto,Hot Stamping
B6092,Boleto,Hot Stamping
B6119,Boleto,Hot Stamping
J1083,Boleto,Hot Stamping
B6135,Boleto,Hot Stamping
F1612E1,Boleto,Hot Stamping
H3720E1,Boleto,Hot Stamping
F1660,Boleto,Hot Stamping
B6092,Boleto,Serigrafia
B6098,Boleto,Serigrafia
I3233,Boleto,Digital
I3248,Boleto,Digital
68225,Boleto,Digital
H3962,Boleto,Digital
I3415,Boleto,Digital
I3426,Boleto,Digital
B5887,Boleto,Letter Press
B5887OT,Boleto,Letter Press
I3248,Boleto,Suaje
H3962,Boleto,Suaje
H4124,Boleto,Suaje
I3419,Boleto,Suaje
F1661,Boleto,Suaje
I3426,Boleto,Suaje
68071,Boleto,Serigrafia
I3015,Boleto,Serigrafia
68118,Boleto,Serigrafia
D2168,Boleto,Serigrafia
K2680V1,Boleto,Serigrafia
I3248,Boleto,Serigrafia
G0889V2,Boleto,Serigrafia
H3831,Boleto,Serigrafia
I3258,Boleto,Serigrafia
G0899,Boleto,Serigrafia
H3924,Boleto,Serigrafia
H3926,Boleto,Serigrafia
H3960,Boleto,Serigrafia
B5894,Boleto,Serigrafia
B5903,Boleto,Serigrafia
G0902,Boleto,Serigrafia
I3322,Boleto,Serigrafia
F1586,Boleto,Serigrafia
D2342,Boleto,Serigrafia
B5991,Boleto,Serigrafia
J1058,Boleto,Serigrafia
J1059,Boleto,Serigrafia
D2353V1,Boleto,Serigrafia
J1066,Boleto,Serigrafia
B6022,Boleto,Serigrafia
J1068,Boleto,Serigrafia
J1069,Boleto,Serigrafia
B6040,Boleto,Serigrafia
F1612,Boleto,Serigrafia
J1070,Boleto,Serigrafia
H4124,Boleto,Serigrafia
I3386,Boleto,Serigrafia
L1032,Boleto,Serigrafia
H4131,Boleto,Serigrafia
H4133,Boleto,Serigrafia
I3392,Boleto,Serigrafia
B6064,Boleto,Serigrafia
H4137,Boleto,Serigrafia
I3401,Boleto,Serigrafia
F1627,Boleto,Serigrafia
B6079,Boleto,Serigrafia
B6082,Boleto,Serigrafia
G0913,Boleto,Serigrafia
I3405,Boleto,Serigrafia
L1040,Boleto,Serigrafia
B6091,Boleto,Serigrafia
H4167,Boleto,Serigrafia
B6092,Boleto,Serigrafia
D2386,Boleto,Serigrafia
I3412,Boleto,Serigrafia
B6098,Boleto,Serigrafia
B6113,Boleto,Serigrafia
H4201,Boleto,Serigrafia
B6119,Boleto,Serigrafia
B6121,Boleto,Serigrafia
B6122,Boleto,Serigrafia
H4212,Boleto,Serigrafia
I3419,Boleto,Serigrafia
H4215,Boleto,Serigrafia
J1083,Boleto,Serigrafia
H4218,Boleto,Serigrafia
68117D,Boleto,Serigrafia
K2715,Boleto,Serigrafia
H4220,Boleto,Serigrafia
B5918E1,Boleto,Serigrafia
B6133,Boleto,Serigrafia
H4229,Boleto,Serigrafia
B6135,Boleto,Serigrafia
F1612E1,Boleto,Serigrafia
H3720E1,Boleto,Serigrafia
H4244,Boleto,Serigrafia
F1660,Boleto,Serigrafia
F1661,Boleto,Serigrafia
H4247,Boleto,Serigrafia
J1088,Boleto,Serigrafia
B6118,Boleto,Serigrafia
D2168,Boleto,Serigrafia
B5991,Boleto,Serigrafia
H4100,Boleto,Serigrafia
B6091,Boleto,Serigrafia
B6113,Boleto,Serigrafia
I3426,Boleto Empalme,Corte
I3426,Boleto Empalme,Acabado
M0695,Bolsa,Corte
M0696,Bolsa,Corte
D2358D,Bolsa,Corte
M0695,Bolsa,Suaje
M0696,Bolsa,Suaje
D2358D,Bolsa,Suaje
M0695,Bolsa,Hot Stamping
M0696,Bolsa,Hot Stamping
D2358D,Bolsa,Digital
D2358D,Bolsa,Acabado
M0695,Bolsa,Suaje
M0696,Bolsa,Suaje
M0695,Bolsa,Serigrafia
M0696,Bolsa,Serigrafia
M0695,Bolsa,Serigrafia
M0696,Bolsa,Serigrafia
H3924,Boton,Corte
H3924,Boton,Serigrafia
H3924,Boton Maria Luisa,Corte
H3924,Boton Maria Luisa,Encuadernacion
D2391,Caja,Corte
D2391,Caja,Encuadernacion
D2391,Caja,Digital
D2391,Caja,Acabado
D2391,Caja,Suaje
I3427,Caja Sencilla,Corte
I3427,Caja Sencilla,Suaje
I3427,Caja Sencilla,Acabado
I3427,Caja Sencilla,Suaje
J1064,Cajon,Encuadernacion
B6138,Cajon,Encuadernacion
H4134D,Cajon,Encuadernacion
J1064,Cajon,Corte
B6138,Cajon,Encuadernacion
B6138,Cajon,Corte
H4134D,Cajon,Encuadernacion
J1064,Cajon,Diseño
B6138,Cajon,Diseño
B6138,Cajon,Grabado
B6138,Cajon,Digital
J1064,Cajon,Acabado
B6138,Cajon,Acabado
B6138,Cajon,Encuadernacion
B6138,Cajon,Acabado
H4134D,Cajon,Acabado
B6138,Cajon,Suaje
B6138,Cajon,Serigrafia
J1064,Cajon Forro Exterior,Corte
J1064,Cajon Forro Interior,Corte
J1064,Cajon Forro Interior,Digital
68251,Canasta,Acabado
68251,Canasta,Acabado
68251,Canasta,Acabado
68251,Canasta,Acabado
H3924,Cartera,Corte
68227,Cartera,Corte
H3924,Cartera Boletos,Corte
H3924,Cartera Boletos,Encuadernacion
H3924,Cartera Boletos,Suaje
H3924,Cartera Boletos,Serigrafia
H3924,Cartera Forro Exterior,Corte
68227,Cartera Forro Exterior,Corte
H3924,Cartera Forro Exterior,Encuadernacion
68227,Cartera Forro Exterior,Encuadernacion
H3924,Cartera Forro Exterior,Serigrafia
68227,Cartera Forro Exterior,Serigrafia
H3924,Cartera Forro Interior,Corte
H3924,Cartera Forro Interior,Encuadernacion
B5887,Cintilla,Corte
B5887,Cintilla,Serigrafia
H4167,Cinturon,Laser
H4167,Cinturon,Corte
68258,Corazones,Laser
H4197,Corazones,Laser
H4252,Dummie,Corte
H4252,Dummie,Serigrafia
H4016,Esquela,Corte
68156,Esquela,Corte
68157,Esquela,Corte
68158,Esquela,Corte
H3926,Esquela,Corte
I3401,Esquela,Corte
H4212,Esquela,Corte
I3427,Esquela,Corte
H4134D,Esquela,Diseño
68156,Esquela,Suaje
68157,Esquela,Suaje
68158,Esquela,Suaje
H3926,Esquela,Grabado
H4212,Esquela,Grabado
H4016,Esquela,Digital
68156,Esquela,Digital
68157,Esquela,Digital
68158,Esquela,Digital
H4134D,Esquela,Digital
68156,Esquela,Acabado
68157,Esquela,Acabado
68158,Esquela,Acabado
68156,Esquela,Acabado
68157,Esquela,Acabado
68158,Esquela,Acabado
68156,Esquela,Acabado
68157,Esquela,Acabado
68158,Esquela,Acabado
68156,Esquela,Suaje
68157,Esquela,Suaje
68158,Esquela,Suaje
H3926,Esquela,Serigrafia
I3401,Esquela,Serigrafia
H4212,Esquela,Serigrafia
I3427,Esquela,Serigrafia
I3401,Esquela,Serigrafia
H4137,Esquela Doble,Corte
H4137RT,Esquela Doble,Corte
68118,Esquela Doble,Corte
K2680V1,Esquela Doble,Corte
G0889V2,Esquela Doble,Corte
H3960,Esquela Doble,Corte
G0902,Esquela Doble,Corte
F1586,Esquela Doble,Corte
J1070,Esquela Doble,Corte
H4131,Esquela Doble,Corte
B6064,Esquela Doble,Corte
B6079,Esquela Doble,Corte
G0913,Esquela Doble,Corte
I3415,Esquela Doble,Corte
F1660,Esquela Doble,Corte
I3415,Esquela Doble,Diseño
68118,Esquela Doble,Suaje
K2680V1,Esquela Doble,Suaje
G0889V2,Esquela Doble,Suaje
H3960,Esquela Doble,Suaje
G0902,Esquela Doble,Suaje
F1586,Esquela Doble,Suaje
J1070,Esquela Doble,Suaje
H4131,Esquela Doble,Suaje
B6064,Esquela Doble,Suaje
H4137,Esquela Doble,Suaje
B6079,Esquela Doble,Suaje
G0913,Esquela Doble,Suaje
F1660,Esquela Doble,Suaje
H4137RT,Esquela Doble,Suaje
68118,Esquela Doble,Grabado
F1586,Esquela Doble,Grabado
B6064,Esquela Doble,Grabado
H4137,Esquela Doble,Hot Stamping
H4137RT,Esquela Doble,Hot Stamping
K2680V1,Esquela Doble,Hot Stamping
G0889V2,Esquela Doble,Hot Stamping
H3960,Esquela Doble,Hot Stamping
G0902,Esquela Doble,Hot Stamping
J1070,Esquela Doble,Hot Stamping
H4131,Esquela Doble,Hot Stamping
B6079,Esquela Doble,Hot Stamping
G0913,Esquela Doble,Hot Stamping
F1660,Esquela Doble,Hot Stamping
B6064,Esquela Doble,Serigrafia
I3415,Esquela Doble,Digital
I3415,Esquela Doble,Acabado
H4137,Esquela Doble,Acabado
H4137RT,Esquela Doble,Acabado
68118,Esquela Doble,Serigrafia
K2680V1,Esquela Doble,Serigrafia
G0889V2,Esquela Doble,Serigrafia
H3960,Esquela Doble,Serigrafia
G0902,Esquela Doble,Serigrafia
F1586,Esquela Doble,Serigrafia
J1070,Esquela Doble,Serigrafia
H4131,Esquela Doble,Serigrafia
B6064,Esquela Doble,Serigrafia
H4137,Esquela Doble,Serigrafia
B6079,Esquela Doble,Serigrafia
G0913,Esquela Doble,Serigrafia
F1660,Esquela Doble,Serigrafia
H4137RT,Esquela Doble,Serigrafia
H4100,Esquela Empalmada,Corte
H4100,Esquela Empalmada,Acabado
I3322,Esquela Empalme,Corte
D2342,Esquela Empalme,Corte
I3405,Esquela Empalme,Corte
B6119,Esquela Empalme,Corte
B6135,Esquela Empalme,Corte
I3322,Esquela Empalme,Acabado
D2342,Esquela Empalme,Acabado
I3405,Esquela Empalme,Acabado
B6119,Esquela Empalme,Acabado
B6135,Esquela Empalme,Acabado
68071,Esquela Exterior,Laser
B5894,Esquela Exterior,Laser
H4137,Esquela Exterior,Laser
B6122,Esquela Exterior,Laser
K2714,Esquela Exterior,Laser
B6133,Esquela Exterior,Laser
68071,Esquela Exterior,Corte
I3015,Esquela Exterior,Corte
D2168,Esquela Exterior,Corte
I3248,Esquela Exterior,Corte
H3831,Esquela Exterior,Corte
I3258,Esquela Exterior,Corte
H3962,Esquela Exterior,Corte
B5894,Esquela Exterior,Corte
B5991,Esquela Exterior,Corte
J1059,Esquela Exterior,Corte
68267,Esquela Exterior,Corte
J1068,Esquela Exterior,Corte
B6040,Esquela Exterior,Corte
F1612,Esquela Exterior,Corte
H4137,Esquela Exterior,Corte
B6091,Esquela Exterior,Corte
H4167,Esquela Exterior,Corte
B6092,Esquela Exterior,Corte
B6118,Esquela Exterior,Corte
B6122,Esquela Exterior,Corte
H4215,Esquela Exterior,Corte
K2714,Esquela Exterior,Corte
H4220,Esquela Exterior,Corte
B6133,Esquela Exterior,Corte
I3258D,Esquela Exterior,Corte
F1612E1,Esquela Exterior,Corte
68071,Esquela Exterior,Suaje
D2168,Esquela Exterior,Suaje
I3248,Esquela Exterior,Suaje
H3831,Esquela Exterior,Suaje
I3258,Esquela Exterior,Suaje
H3962,Esquela Exterior,Suaje
B5894,Esquela Exterior,Suaje
B5991,Esquela Exterior,Suaje
J1059,Esquela Exterior,Suaje
68267,Esquela Exterior,Suaje
J1068,Esquela Exterior,Suaje
B6040,Esquela Exterior,Suaje
F1612,Esquela Exterior,Suaje
H4137,Esquela Exterior,Suaje
B6091,Esquela Exterior,Suaje
H4167,Esquela Exterior,Suaje
B6092,Esquela Exterior,Suaje
B6122,Esquela Exterior,Suaje
H4215,Esquela Exterior,Suaje
K2714,Esquela Exterior,Suaje
H4220,Esquela Exterior,Suaje
I3258D,Esquela Exterior,Suaje
F1612E1,Esquela Exterior,Suaje
D2168,Esquela Exterior,Grabado
B5991,Esquela Exterior,Grabado
F1612,Esquela Exterior,Grabado
F1612E1,Esquela Exterior,Grabado
B6118,Esquela Exterior,Grabado
I3248,Esquela Exterior,Acabado
H3962,Esquela Exterior,Acabado
B5894,Esquela Exterior,Acabado
F1612,Esquela Exterior,Acabado
B6091,Esquela Exterior,Acabado
B6092,Esquela Exterior,Acabado
F1612E1,Esquela Exterior,Acabado
I3258,Esquela Exterior,Acabado
B6040,Esquela Exterior,Acabado
I3258D,Esquela Exterior,Acabado
68071,Esquela Exterior,Acabado
I3015,Esquela Exterior,Acabado
I3015,Esquela Exterior,Acabado
68267,Esquela Exterior,Acabado
B6122,Esquela Exterior,Acabado
K2714,Esquela Exterior,Acabado
68267,Esquela Exterior,Acabado
B6118,Esquela Exterior,Acabado
D2168,Esquela Exterior,Suaje
B5991,Esquela Exterior,Suaje
68267,Esquela Exterior,Suaje
B6118,Esquela Exterior,Suaje
B6122,Esquela Exterior,Suaje
K2714,Esquela Exterior,Suaje
I3015,Esquela Exterior,Serigrafia
D2168,Esquela Exterior,Serigrafia
I3248,Esquela Exterior,Serigrafia
H3831,Esquela Exterior,Serigrafia
I3258,Esquela Exterior,Serigrafia
B5991,Esquela Exterior,Serigrafia
J1059,Esquela Exterior,Serigrafia
J1068,Esquela Exterior,Serigrafia
B6040,Esquela Exterior,Serigrafia
F1612,Esquela Exterior,Serigrafia
B6091,Esquela Exterior,Serigrafia
B6092,Esquela Exterior,Serigrafia
H4215,Esquela Exterior,Serigrafia
H4220,Esquela Exterior,Serigrafia
I3258D,Esquela Exterior,Serigrafia
F1612E1,Esquela Exterior,Serigrafia
B6133,Esquela Exterior,Serigrafia
I3258,Esquela Exterior,Serigrafia
B6040,Esquela Exterior,Serigrafia
F1612,Esquela Exterior,Serigrafia
B6091,Esquela Exterior,Serigrafia
B6092,Esquela Exterior,Serigrafia
H4215,Esquela Exterior,Serigrafia
I3258D,Esquela Exterior,Serigrafia
F1612E1,Esquela Exterior,Serigrafia
68267,Esquela Interior Doble,Corte
68267,Esquela Interior Doble,Suaje
68267,Esquela Interior Doble,Acabado
68267,Esquela Interior Doble,Serigrafia
68267,Esquela Interior Doble,Serigrafia
68071,Esquela Interior Sencilla,Corte
I3015,Esquela Interior Sencilla,Corte
D2168,Esquela Interior Sencilla,Corte
H3831,Esquela Interior Sencilla,Corte
B5991,Esquela Interior Sencilla,Corte
J1059,Esquela Interior Sencilla,Corte
J1068,Esquela Interior Sencilla,Corte
F1612,Esquela Interior Sencilla,Corte
B6091,Esquela Interior Sencilla,Corte
H4167,Esquela Interior Sencilla,Corte
B6092,Esquela Interior Sencilla,Corte
B6122,Esquela Interior Sencilla,Corte
H4215,Esquela Interior Sencilla,Corte
K2714,Esquela Interior Sencilla,Corte
H4220,Esquela Interior Sencilla,Corte
B6133,Esquela Interior Sencilla,Corte
F1612E1,Esquela Interior Sencilla,Corte
K2714,Esquela Interior Sencilla,Suaje
F1612,Esquela Interior Sencilla,Hot Stamping
B6092,Esquela Interior Sencilla,Hot Stamping
F1612E1,Esquela Interior Sencilla,Hot Stamping
F1612,Esquela Interior Sencilla,Serigrafia
B6092,Esquela Interior Sencilla,Serigrafia
F1612E1,Esquela Interior Sencilla,Serigrafia
I3015,Esquela Interior Sencilla,Digital
H4215,Esquela Interior Sencilla,Letter Press
68071,Esquela Interior Sencilla,Acabado
I3015,Esquela Interior Sencilla,Acabado
D2168,Esquela Interior Sencilla,Acabado
H3831,Esquela Interior Sencilla,Encuadernacion
B5991,Esquela Interior Sencilla,Acabado
J1059,Esquela Interior Sencilla,Encuadernacion
J1068,Esquela Interior Sencilla,Encuadernacion
F1612,Esquela Interior Sencilla,Acabado
B6091,Esquela Interior Sencilla,Acabado
H4167,Esquela Interior Sencilla,Encuadernacion
B6092,Esquela Interior Sencilla,Acabado
B6122,Esquela Interior Sencilla,Acabado
H4215,Esquela Interior Sencilla,Encuadernacion
K2714,Esquela Interior Sencilla,Acabado
H4220,Esquela Interior Sencilla,Encuadernacion
B6133,Esquela Interior Sencilla,Encuadernacion
F1612E1,Esquela Interior Sencilla,Acabado
68071,Esquela Interior Sencilla,Serigrafia
I3015,Esquela Interior Sencilla,Serigrafia
D2168,Esquela Interior Sencilla,Serigrafia
H3831,Esquela Interior Sencilla,Serigrafia
B5991,Esquela Interior Sencilla,Serigrafia
J1059,Esquela Interior Sencilla,Serigrafia
J1068,Esquela Interior Sencilla,Serigrafia
F1612,Esquela Interior Sencilla,Serigrafia
B6091,Esquela Interior Sencilla,Serigrafia
H4167,Esquela Interior Sencilla,Serigrafia
B6092,Esquela Interior Sencilla,Serigrafia
B6122,Esquela Interior Sencilla,Serigrafia
K2714,Esquela Interior Sencilla,Serigrafia
H4220,Esquela Interior Sencilla,Serigrafia
B6133,Esquela Interior Sencilla,Serigrafia
F1612E1,Esquela Interior Sencilla,Serigrafia
D2168,Esquela Interior Sencilla,Serigrafia
B5991,Esquela Interior Sencilla,Serigrafia
B6091,Esquela Interior Sencilla,Serigrafia
I3233,Esquela Sencilla,Corte
G0899,Esquela Sencilla,Corte
68225,Esquela Sencilla,Corte
B5887,Esquela Sencilla,Corte
B5894,Esquela Sencilla,Corte
B5903,Esquela Sencilla,Corte
D2342,Esquela Sencilla,Corte
J1058,Esquela Sencilla,Corte
D2353V1,Esquela Sencilla,Corte
B6022,Esquela Sencilla,Corte
J1069,Esquela Sencilla,Corte
H4100,Esquela Sencilla,Corte
H4124,Esquela Sencilla,Corte
I3392,Esquela Sencilla,Corte
B6082,Esquela Sencilla,Corte
L1040,Esquela Sencilla,Corte
D2386,Esquela Sencilla,Corte
I3412,Esquela Sencilla,Corte
B6098,Esquela Sencilla,Corte
B6113,Esquela Sencilla,Corte
B6121,Esquela Sencilla,Corte
I3419,Esquela Sencilla,Corte
J1083,Esquela Sencilla,Corte
F1655,Esquela Sencilla,Corte
H4229,Esquela Sencilla,Corte
J1069EC,Esquela Sencilla,Corte
H3720E1,Esquela Sencilla,Corte
F1661,Esquela Sencilla,Corte
I3426,Esquela Sencilla,Corte
J1088,Esquela Sencilla,Corte
H4218,Esquela Sencilla,Corte
B6118,Esquela Sencilla,Corte
H4100,Esquela Sencilla,Suaje
G0899,Esquela Sencilla,Grabado
G0899,Esquela Sencilla,Grabado
B6022,Esquela Sencilla,Grabado
J1069,Esquela Sencilla,Grabado
J1069,Esquela Sencilla,Grabado
L1040,Esquela Sencilla,Grabado
L1040,Esquela Sencilla,Grabado
B6098,Esquela Sencilla,Grabado
J1083,Esquela Sencilla,Grabado
J1069EC,Esquela Sencilla,Grabado
J1069EC,Esquela Sencilla,Grabado
H3720E1,Esquela Sencilla,Grabado
H3720E1,Esquela Sencilla,Grabado
J1088,Esquela Sencilla,Grabado
B5894,Esquela Sencilla,Grabado
68225,Esquela Sencilla,Hot Stamping
D2342,Esquela Sencilla,Hot Stamping
D2342,Esquela Sencilla,Hot Stamping
H4100,Esquela Sencilla,Hot Stamping
J1083,Esquela Sencilla,Hot Stamping
H3720E1,Esquela Sencilla,Hot Stamping
B6022,Esquela Sencilla,Hot Stamping
D2386,Esquela Sencilla,Hot Stamping
B6113,Esquela Sencilla,Hot Stamping
B6118,Esquela Sencilla,Hot Stamping
I3233,Esquela Sencilla,Digital
68225,Esquela Sencilla,Digital
F1661,Esquela Sencilla,Digital
I3426,Esquela Sencilla,Digital
D2386,Esquela Sencilla,Digital
I3419,Esquela Sencilla,Acabado
D2353V1,Esquela Sencilla,Acabado
B6082,Esquela Sencilla,Acabado
B5887,Esquela Sencilla,Letter Press
I3419,Esquela Sencilla,Acabado
D2353V1,Esquela Sencilla,Acabado
B6082,Esquela Sencilla,Acabado
H4218,Esquela Sencilla,Acabado
H3924,Esquela Sencilla,Acabado
B5894,Esquela Sencilla,Acabado
H4124,Esquela Sencilla,Acabado
I3419,Esquela Sencilla,Acabado
F1661,Esquela Sencilla,Acabado
I3426,Esquela Sencilla,Acabado
B5887,Esquela Sencilla,Suaje
I3426,Esquela Sencilla,Suaje
G0899,Esquela Sencilla,Serigrafia
H3924,Esquela Sencilla,Serigrafia
B5894,Esquela Sencilla,Serigrafia
B5903,Esquela Sencilla,Serigrafia
D2342,Esquela Sencilla,Serigrafia
J1058,Esquela Sencilla,Serigrafia
D2353V1,Esquela Sencilla,Serigrafia
B6022,Esquela Sencilla,Serigrafia
J1069,Esquela Sencilla,Serigrafia
H4100,Esquela Sencilla,Serigrafia
H4124,Esquela Sencilla,Serigrafia
H4133,Esquela Sencilla,Serigrafia
I3392,Esquela Sencilla,Serigrafia
B6082,Esquela Sencilla,Serigrafia
L1040,Esquela Sencilla,Serigrafia
D2386,Esquela Sencilla,Serigrafia
I3412,Esquela Sencilla,Serigrafia
B6098,Esquela Sencilla,Serigrafia
B6113,Esquela Sencilla,Serigrafia
B6121,Esquela Sencilla,Serigrafia
I3419,Esquela Sencilla,Serigrafia
J1083,Esquela Sencilla,Serigrafia
H4218,Esquela Sencilla,Serigrafia
F1655,Esquela Sencilla,Serigrafia
H4229,Esquela Sencilla,Serigrafia
J1069EC,Esquela Sencilla,Serigrafia
H3720E1,Esquela Sencilla,Serigrafia
F1661,Esquela Sencilla,Serigrafia
J1088,Esquela Sencilla,Serigrafia
D2386,Esquela Sencilla,Serigrafia
I3392,Esquela Sencilla,Serigrafia
J1058,Esquela Sencilla,Serigrafia
B6113,Esquela Sencilla,Serigrafia
B6121,Esquela Sencilla,Serigrafia
B5894,Esquela Sencilla,Serigrafia
B5894,Esquela Sencilla,Serigrafia
B5903,Esquela Sencilla Empalmada,Corte
I3322,Esquela Sencilla Empalmada,Corte
I3405,Esquela Sencilla Empalmada,Corte
B6098,Esquela Sencilla Empalmada,Corte
B6119,Esquela Sencilla Empalmada,Corte
B6135,Esquela Sencilla Empalmada,Corte
H3720E1,Esquela Sencilla Empalmada,Corte
I3426,Esquela Sencilla Empalmada,Corte
I3233,Esquela Sencilla Empalmada,Acabado
B5903,Esquela Sencilla Empalmada,Acabado
B6098,Esquela Sencilla Empalmada,Acabado
H3720E1,Esquela Sencilla Empalmada,Acabado
I3426,Esquela Sencilla Empalmada,Acabado
B6135,Esquela Sencilla Empalmada,Grabado
B6119,Esquela Sencilla Empalmada,Hot Stamping
B6119,Esquela Sencilla Empalmada,Hot Stamping
B6135,Esquela Sencilla Empalmada,Hot Stamping
B6135,Esquela Sencilla Empalmada,Hot Stamping
I3322,Esquela Sencilla Empalmada,Serigrafia
I3405,Esquela Sencilla Empalmada,Serigrafia
B6119,Esquela Sencilla Empalmada,Serigrafia
B6135,Esquela Sencilla Empalmada,Serigrafia
F1627,Esquela Triple,Corte
B5918E1,Esquela Triple,Corte
F1627,Esquela Triple,Suaje
B5918E1,Esquela Triple,Suaje
F1627,Esquela Triple,Grabado
B5918E1,Esquela Triple,Grabado
F1627,Esquela Triple,Acabado
B5918E1,Esquela Triple,Acabado
F1627,Esquela Triple,Serigrafia
B5918E1,Esquela Triple,Serigrafia
F1627,Esquela Triple,Serigrafia
B5918E1,Esquela Triple,Serigrafia
J1066,Esquela Triptico,Corte
I3386,Esquela Triptico,Corte
L1032,Esquela Triptico,Corte
H4135,Esquela Triptico,Corte
H4244,Esquela Triptico,Corte
H4247,Esquela Triptico,Corte
J1066,Esquela Triptico,Suaje
H4135,Esquela Triptico,Suaje
J1066,Esquela Triptico,Grabado
I3386,Esquela Triptico,Grabado
L1032,Esquela Triptico,Grabado
H4244,Esquela Triptico,Grabado
H4135,Esquela Triptico,Digital
I3386,Esquela Triptico,Acabado
H4135,Esquela Triptico,Acabado
H4244,Esquela Triptico,Acabado
H4247,Esquela Triptico,Acabado
J1066,Esquela Triptico,Acabado
I3386,Esquela Triptico,Suaje
L1032,Esquela Triptico,Suaje
H4244,Esquela Triptico,Suaje
H4247,Esquela Triptico,Suaje
J1066,Esquela Triptico,Serigrafia
I3386,Esquela Triptico,Serigrafia
L1032,Esquela Triptico,Serigrafia
H4135,Esquela Triptico,Serigrafia
H4244,Esquela Triptico,Serigrafia
H4247,Esquela Triptico,Serigrafia
I3386,Esquela Triptico,Serigrafia
H4247,Esquela Triptico,Serigrafia
B5903,Forro,Corte
I3322,Forro,Corte
D2342,Forro,Corte
J1069,Forro,Corte
H4100,Forro,Corte
J1070,Forro,Corte
H4124,Forro,Corte
B6064,Forro,Corte
B6079,Forro,Corte
G0913,Forro,Corte
I3405,Forro,Corte
L1040,Forro,Corte
B6113,Forro,Corte
B6119,Forro,Corte
H4212,Forro,Corte
I3419,Forro,Corte
J1083,Forro,Corte
B6135,Forro,Corte
H3720E1,Forro,Corte
F1661,Forro,Corte
B5887,Forro,Grabado
H4100,Forro,Digital
I3419,Forro,Digital
F1661,Forro,Digital
B6113,Forro,Acabado
B5887,Forro,Suaje
B5903,Forro,Suaje
I3322,Forro,Suaje
D2342,Forro,Suaje
J1069,Forro,Suaje
H4100,Forro,Suaje
J1070,Forro,Suaje
H4124,Forro,Suaje
B6064,Forro,Suaje
B6079,Forro,Suaje
G0913,Forro,Suaje
I3405,Forro,Suaje
L1040,Forro,Suaje
B6113,Forro,Suaje
B6119,Forro,Suaje
H4212,Forro,Suaje
I3419,Forro,Suaje
J1083,Forro,Suaje
B6135,Forro,Suaje
H3720E1,Forro,Suaje
F1661,Forro,Suaje
B5887,Forro,Serigrafia
B5903,Forro,Serigrafia
I3322,Forro,Serigrafia
J1070,Forro,Serigrafia
B6064,Forro,Serigrafia
B6079,Forro,Serigrafia
G0913,Forro,Serigrafia
I3405,Forro,Serigrafia
L1040,Forro,Serigrafia
D2386,Forro,Serigrafia
B6113,Forro,Serigrafia
B6119,Forro,Serigrafia
H4212,Forro,Serigrafia
J1083,Forro,Serigrafia
B6135,Forro,Serigrafia
H3720E1,Forro,Serigrafia
68258,Frasco,Laser
68258,Frasco,Laser
H4197,Frasco,Laser
H4197,Frasco,Laser
H4197,Frasco,Serigrafia
68227,Guarda,Corte
68227,Guarda,Digital
68227,Guarda,Encuadernacion
I3427,Hilo,Corte
I3427,Hilo,Acabado
B6022,Hoja Interior 1,Corte
B6022,Hoja Interior 1,Serigrafia
I3248,Hojas Interiores,Corte
H3962,Hojas Interiores,Corte
68227,Hojas Interiores,Corte
I3248,Hojas Interiores,Diseño
H3962,Hojas Interiores,Diseño
I3248,Hojas Interiores,Suaje
H3962,Hojas Interiores,Suaje
I3248,Hojas Interiores,Digital
H3962,Hojas Interiores,Digital
68227,Hojas Personalizadas,Corte
68227,Hojas Personalizadas,Digital
I3427,Liston,Corte
68247,Liston,Acabado
68247,Liston,Acabado
I3427,Liston,Acabado
68071,Mapa,Corte
I3015,Mapa,Corte
68118,Mapa,Corte
D2168,Mapa,Corte
K2680V1,Mapa,Corte
I3233,Mapa,Corte
G0889V2,Mapa,Corte
H3831,Mapa,Corte
I3258,Mapa,Corte
G0899,Mapa,Corte
H3924,Mapa,Corte
H3926,Mapa,Corte
68225,Mapa,Corte
H3960,Mapa,Corte
B5887,Mapa,Corte
B5894,Mapa,Corte
B5903,Mapa,Corte
G0902,Mapa,Corte
I3322,Mapa,Corte
F1586,Mapa,Corte
D2342,Mapa,Corte
B5991,Mapa,Corte
J1058,Mapa,Corte
J1059,Mapa,Corte
D2353V1,Mapa,Corte
J1066,Mapa,Corte
J1068,Mapa,Corte
J1069,Mapa,Corte
B6040,Mapa,Corte
H4100,Mapa,Corte
F1612,Mapa,Corte
J1070,Mapa,Corte
H4124,Mapa,Corte
I3386,Mapa,Corte
L1032,Mapa,Corte
H4131,Mapa,Corte
H4133,Mapa,Corte
I3392,Mapa,Corte
B6064,Mapa,Corte
I3401,Mapa,Corte
F1627,Mapa,Corte
B6079,Mapa,Corte
B6082,Mapa,Corte
G0913,Mapa,Corte
I3405,Mapa,Corte
L1040,Mapa,Corte
B6091,Mapa,Corte
H4167,Mapa,Corte
B6092,Mapa,Corte
D2386,Mapa,Corte
I3412,Mapa,Corte
B6098,Mapa,Corte
I3415,Mapa,Corte
B6113,Mapa,Corte
B6118,Mapa,Corte
B6119,Mapa,Corte
B6121,Mapa,Corte
B6122,Mapa,Corte
H4212,Mapa,Corte
I3419,Mapa,Corte
H4215,Mapa,Corte
J1083,Mapa,Corte
H4218,Mapa,Corte
H4220,Mapa,Corte
B5918E1,Mapa,Corte
B6133,Mapa,Corte
H4229,Mapa,Corte
B6135,Mapa,Corte
F1612E1,Mapa,Corte
H3720E1,Mapa,Corte
H4244,Mapa,Corte
F1660,Mapa,Corte
F1661,Mapa,Corte
H4247,Mapa,Corte
B5918D,Mapa,Corte
J1088,Mapa,Corte
68071,Mapa,Serigrafia
I3015,Mapa,Serigrafia
68118,Mapa,Serigrafia
D2168,Mapa,Serigrafia
K2680V1,Mapa,Serigrafia
I3233,Mapa,Serigrafia
G0889V2,Mapa,Serigrafia
H3831,Mapa,Serigrafia
I3258,Mapa,Serigrafia
G0899,Mapa,Serigrafia
H3924,Mapa,Serigrafia
H3926,Mapa,Serigrafia
68225,Mapa,Serigrafia
H3960,Mapa,Serigrafia
B5887,Mapa,Serigrafia
B5894,Mapa,Serigrafia
B5903,Mapa,Serigrafia
G0902,Mapa,Serigrafia
I3322,Mapa,Serigrafia
F1586,Mapa,Serigrafia
D2342,Mapa,Serigrafia
B5991,Mapa,Serigrafia
J1058,Mapa,Serigrafia
J1059,Mapa,Serigrafia
D2353V1,Mapa,Serigrafia
J1066,Mapa,Serigrafia
J1068,Mapa,Serigrafia
J1069,Mapa,Serigrafia
B6040,Mapa,Serigrafia
H4100,Mapa,Serigrafia
F1612,Mapa,Serigrafia
J1070,Mapa,Serigrafia
H4124,Mapa,Serigrafia
I3386,Mapa,Serigrafia
L1032,Mapa,Serigrafia
H4131,Mapa,Serigrafia
H4133,Mapa,Serigrafia
I3392,Mapa,Serigrafia
B6064,Mapa,Serigrafia
I3401,Mapa,Serigrafia
F1627,Mapa,Serigrafia
B6079,Mapa,Serigrafia
B6082,Mapa,Serigrafia
G0913,Mapa,Serigrafia
I3405,Mapa,Serigrafia
L1040,Mapa,Serigrafia
B6091,Mapa,Serigrafia
H4167,Mapa,Serigrafia
B6092,Mapa,Serigrafia
D2386,Mapa,Serigrafia
I3412,Mapa,Serigrafia
B6098,Mapa,Serigrafia
I3415,Mapa,Serigrafia
B6113,Mapa,Serigrafia
B6118,Mapa,Serigrafia
B6119,Mapa,Serigrafia
B6121,Mapa,Serigrafia
B6122,Mapa,Serigrafia
H4212,Mapa,Serigrafia
I3419,Mapa,Serigrafia
H4215,Mapa,Serigrafia
J1083,Mapa,Serigrafia
H4218,Mapa,Serigrafia
H4220,Mapa,Serigrafia
B5918E1,Mapa,Serigrafia
B6133,Mapa,Serigrafia
H4229,Mapa,Serigrafia
B6135,Mapa,Serigrafia
F1612E1,Mapa,Serigrafia
H3720E1,Mapa,Serigrafia
H4244,Mapa,Serigrafia
F1660,Mapa,Serigrafia
F1661,Mapa,Serigrafia
H4247,Mapa,Serigrafia
B5918D,Mapa,Serigrafia
J1088,Mapa,Serigrafia
H3924,Maria Luisa,Corte
H4124,Maria Luisa,Corte
L1040,Maria Luisa,Corte
H4167,Maria Luisa,Corte
H4212,Maria Luisa,Corte
I3419,Maria Luisa,Corte
F1661,Maria Luisa,Corte
H4247,Maria Luisa,Corte
B6118,Maria Luisa,Corte
H3924,Maria Luisa,Acabado
L1040,Maria Luisa,Acabado
H4167,Maria Luisa,Encuadernacion
H4212,Maria Luisa,Acabado
H4247,Maria Luisa,Encuadernacion
B6118,Maria Luisa,Encuadernacion
H4124,Maria Luisa,Suaje
I3419,Maria Luisa,Suaje
F1661,Maria Luisa,Suaje
L1040,Maria Luisa Doble,Corte
L1040,Maria Luisa Doble,Acabado
B6022,Mesa,Corte
H4248,Mesa,Corte
B6022,Mesa,Serigrafia
H4248,Mesa,Serigrafia
68247,Mini,Corte
H4016,Mini,Corte
I3406,Mini,Corte
H4191,Mini,Corte
H4249,Mini,Corte
H4252,Mini,Corte
I3428,Mini,Corte
B6134OT,Mini,Corte
68247,Mini,Digital
H4016,Mini,Digital
I3406,Mini,Digital
H4191,Mini,Digital
H4252,Mini,Digital
H4249,Mini,Serigrafia
I3428,Mini,Serigrafia
B6134OT,Mini,Serigrafia
68247,Moño,Acabado
I3015,Paquete,Corte
D2168,Paquete,Corte
K2680V1,Paquete,Corte
I3233,Paquete,Corte
I3248,Paquete,Corte
G0889V2,Paquete,Corte
H3831,Paquete,Corte
I3258,Paquete,Corte
G0899,Paquete,Corte
H3924,Paquete,Corte
H3926,Paquete,Corte
H3960,Paquete,Corte
B5887,Paquete,Corte
H3962,Paquete,Corte
B5894,Paquete,Corte
B5903,Paquete,Corte
G0902,Paquete,Corte
I3322,Paquete,Corte
F1586,Paquete,Corte
D2342,Paquete,Corte
B5991,Paquete,Corte
J1058,Paquete,Corte
J1059,Paquete,Corte
D2353V1,Paquete,Corte
J1066,Paquete,Corte
J1068,Paquete,Corte
J1069,Paquete,Corte
B6040,Paquete,Corte
H4100,Paquete,Corte
F1612,Paquete,Corte
J1070,Paquete,Corte
H4124,Paquete,Corte
L1032,Paquete,Corte
H4131,Paquete,Corte
H4133,Paquete,Corte
B6064,Paquete,Corte
F1627,Paquete,Corte
B6079,Paquete,Corte
B6082,Paquete,Corte
G0913,Paquete,Corte
I3405,Paquete,Corte
B6091,Paquete,Corte
H4167,Paquete,Corte
D2386,Paquete,Corte
I3412,Paquete,Corte
B6098,Paquete,Corte
I3415,Paquete,Corte
B6113,Paquete,Corte
B6118,Paquete,Corte
B6119,Paquete,Corte
B6122,Paquete,Corte
H4212,Paquete,Corte
I3419,Paquete,Corte
J1083,Paquete,Corte
H4218,Paquete,Corte
H4220,Paquete,Corte
B5918E1,Paquete,Corte
H4229,Paquete,Corte
B6135,Paquete,Corte
F1612E1,Paquete,Corte
H3720E1,Paquete,Corte
J1088,Paquete,Corte
H4215,Paquete,Corte
J1088,Paquete,Grabado
B6098,Paquete,Serigrafia
I3015,Paquete,Serigrafia
D2168,Paquete,Serigrafia
K2680V1,Paquete,Serigrafia
I3248,Paquete,Serigrafia
G0889V2,Paquete,Serigrafia
H3831,Paquete,Serigrafia
I3258,Paquete,Serigrafia
G0899,Paquete,Serigrafia
H3924,Paquete,Serigrafia
H3926,Paquete,Serigrafia
H3960,Paquete,Serigrafia
B5887,Paquete,Serigrafia
B5894,Paquete,Serigrafia
B5903,Paquete,Serigrafia
G0902,Paquete,Serigrafia
I3322,Paquete,Serigrafia
F1586,Paquete,Serigrafia
D2342,Paquete,Serigrafia
B5991,Paquete,Serigrafia
J1058,Paquete,Serigrafia
J1059,Paquete,Serigrafia
D2353V1,Paquete,Serigrafia
J1066,Paquete,Serigrafia
J1068,Paquete,Serigrafia
J1069,Paquete,Serigrafia
B6040,Paquete,Serigrafia
H4100,Paquete,Serigrafia
F1612,Paquete,Serigrafia
J1070,Paquete,Serigrafia
H4124,Paquete,Serigrafia
L1032,Paquete,Serigrafia
H4131,Paquete,Serigrafia
H4133,Paquete,Serigrafia
B6064,Paquete,Serigrafia
F1627,Paquete,Serigrafia
B6079,Paquete,Serigrafia
B6082,Paquete,Serigrafia
G0913,Paquete,Serigrafia
I3405,Paquete,Serigrafia
B6091,Paquete,Serigrafia
H4167,Paquete,Serigrafia
D2386,Paquete,Serigrafia
I3412,Paquete,Serigrafia
B6098,Paquete,Serigrafia
B6113,Paquete,Serigrafia
B6118,Paquete,Serigrafia
B6119,Paquete,Serigrafia
B6122,Paquete,Serigrafia
H4212,Paquete,Serigrafia
I3419,Paquete,Serigrafia
J1083,Paquete,Serigrafia
H4218,Paquete,Serigrafia
H4220,Paquete,Serigrafia
B5918E1,Paquete,Serigrafia
H4229,Paquete,Serigrafia
B6135,Paquete,Serigrafia
F1612E1,Paquete,Serigrafia
H3720E1,Paquete,Serigrafia
J1088,Paquete,Serigrafia
H4215,Paquete,Serigrafia
I3430,Rotulacion,Rotulación
B6118,Rotulacion,Serigrafia
I3392,Sobre,Laser
I3412,Sobre,Laser
68118,Sobre,Corte
K2680V1,Sobre,Corte
I3233,Sobre,Corte
I3248,Sobre,Corte
G0889V2,Sobre,Corte
G0899,Sobre,Corte
H3926,Sobre,Corte
68225,Sobre,Corte
H3960,Sobre,Corte
B5887,Sobre,Corte
H3962,Sobre,Corte
B5903,Sobre,Corte
G0902,Sobre,Corte
I3322,Sobre,Corte
H4003,Sobre,Corte
F1586,Sobre,Corte
D2342,Sobre,Corte
J1058,Sobre,Corte
B6022,Sobre,Corte
J1069,Sobre,Corte
H4100,Sobre,Corte
J1070,Sobre,Corte
H4124,Sobre,Corte
H4131,Sobre,Corte
H4133,Sobre,Corte
I3392,Sobre,Corte
B6064,Sobre,Corte
I3401,Sobre,Corte
B6079,Sobre,Corte
G0913,Sobre,Corte
I3405,Sobre,Corte
L1040,Sobre,Corte
D2386,Sobre,Corte
D2386,Sobre,Corte
I3412,Sobre,Corte
B6098,Sobre,Corte
B6100,Sobre,Corte
B6113,Sobre,Corte
B6119,Sobre,Corte
B6121,Sobre,Corte
H4212,Sobre,Corte
I3419,Sobre,Corte
H4215,Sobre,Corte
J1083,Sobre,Corte
B6133,Sobre,Corte
F1655,Sobre,Corte
H4229,Sobre,Corte
B6135,Sobre,Corte
B6136,Sobre,Corte
B6137,Sobre,Corte
F1659,Sobre,Corte
H3720E1,Sobre,Corte
F1660,Sobre,Corte
F1661,Sobre,Corte
I3423,Sobre,Corte
I3426,Sobre,Corte
B6160,Sobre,Corte
J1088,Sobre,Corte
I3392,Sobre,Diseño
I3392,Sobre,Suaje
B6136,Sobre,Suaje
F1659,Sobre,Suaje
B6160,Sobre,Suaje
H3926,Sobre,Grabado
B5903,Sobre,Grabado
I3322,Sobre,Grabado
F1586,Sobre,Grabado
B6022,Sobre,Grabado
J1069,Sobre,Grabado
H4133,Sobre,Grabado
B6064,Sobre,Grabado
I3405,Sobre,Grabado
L1040,Sobre,Grabado
D2386,Sobre,Grabado
B6098,Sobre,Grabado
B6098,Sobre,Grabado
B6119,Sobre,Grabado
H4212,Sobre,Grabado
H4229,Sobre,Grabado
B6135,Sobre,Grabado
J1088,Sobre,Grabado
H4131,Sobre,Hot Stamping
G0889V2,Sobre,Hot Stamping
68225,Sobre,Hot Stamping
G0902,Sobre,Hot Stamping
D2342,Sobre,Hot Stamping
B6022,Sobre,Hot Stamping
H4100,Sobre,Hot Stamping
J1070,Sobre,Hot Stamping
B6079,Sobre,Hot Stamping
G0913,Sobre,Hot Stamping
D2386,Sobre,Hot Stamping
B6119,Sobre,Hot Stamping
J1083,Sobre,Hot Stamping
B6135,Sobre,Hot Stamping
H3720E1,Sobre,Hot Stamping
F1660,Sobre,Hot Stamping
I3233,Sobre,Digital
68225,Sobre,Digital
B6135,Sobre,Acabado
B5887,Sobre,Acabado
I3322,Sobre,Acabado
B6113,Sobre,Acabado
J1058,Sobre,Acabado
B6064,Sobre,Acabado
B6121,Sobre,Acabado
J1058,Sobre,Acabado
H4124,Sobre,Acabado
H4124,Sobre,Acabado
I3392,Sobre,Acabado
B6121,Sobre,Acabado
I3419,Sobre,Acabado
I3419,Sobre,Acabado
F1661,Sobre,Acabado
F1661,Sobre,Acabado
I3248,Sobre,Offset
J1058,Sobre,Acabado
I3392,Sobre,Acabado
I3401,Sobre,Acabado
B6121,Sobre,Acabado
B6136,Sobre,Acabado
F1659,Sobre,Acabado
B6160,Sobre,Acabado
H4256,Sobre,Rotulación
68118,Sobre,Suaje
K2680V1,Sobre,Suaje
I3233,Sobre,Suaje
I3248,Sobre,Suaje
G0889V2,Sobre,Suaje
G0899,Sobre,Suaje
H3926,Sobre,Suaje
68225,Sobre,Suaje
H3960,Sobre,Suaje
B5887,Sobre,Suaje
H3962,Sobre,Suaje
B5903,Sobre,Suaje
G0902,Sobre,Suaje
I3322,Sobre,Suaje
H4003,Sobre,Suaje
F1586,Sobre,Suaje
D2342,Sobre,Suaje
J1058,Sobre,Suaje
B6022,Sobre,Suaje
J1069,Sobre,Suaje
H4100,Sobre,Suaje
J1070,Sobre,Suaje
H4124,Sobre,Suaje
H4131,Sobre,Suaje
H4133,Sobre,Suaje
B6064,Sobre,Suaje
I3401,Sobre,Suaje
B6079,Sobre,Suaje
G0913,Sobre,Suaje
I3405,Sobre,Suaje
L1040,Sobre,Suaje
D2386,Sobre,Suaje
D2386,Sobre,Suaje
I3412,Sobre,Suaje
B6098,Sobre,Suaje
B6100,Sobre,Suaje
B6113,Sobre,Suaje
B6119,Sobre,Suaje
B6121,Sobre,Suaje
H4212,Sobre,Suaje
I3419,Sobre,Suaje
H4215,Sobre,Suaje
J1083,Sobre,Suaje
B6133,Sobre,Suaje
F1655,Sobre,Suaje
H4229,Sobre,Suaje
B6135,Sobre,Suaje
B6136,Sobre,Suaje
B6137,Sobre,Suaje
F1659,Sobre,Suaje
H3720E1,Sobre,Suaje
F1660,Sobre,Suaje
F1661,Sobre,Suaje
I3423,Sobre,Suaje
I3426,Sobre,Suaje
B6160,Sobre,Suaje
J1088,Sobre,Suaje
J1088,Sobre,Suaje
K2680V1,Sobre,Serigrafia
I3248,Sobre,Serigrafia
G0889V2,Sobre,Serigrafia
G0899,Sobre,Serigrafia
H3960,Sobre,Serigrafia
H3962,Sobre,Serigrafia
G0902,Sobre,Serigrafia
F1586,Sobre,Serigrafia
D2342,Sobre,Serigrafia
J1058,Sobre,Serigrafia
B6022,Sobre,Serigrafia
J1070,Sobre,Serigrafia
H4124,Sobre,Serigrafia
H4131,Sobre,Serigrafia
H4133,Sobre,Serigrafia
B6064,Sobre,Serigrafia
I3401,Sobre,Serigrafia
B6079,Sobre,Serigrafia
G0913,Sobre,Serigrafia
B6098,Sobre,Serigrafia
B6121,Sobre,Serigrafia
I3419,Sobre,Serigrafia
H4215,Sobre,Serigrafia
H4229,Sobre,Serigrafia
F1660,Sobre,Serigrafia
F1661,Sobre,Serigrafia
J1088,Sobre,Serigrafia
K2680V1,Sobre,Serigrafia
H3960,Sobre,Serigrafia
H4131,Sobre,Serigrafia
I3401,Sobre,Serigrafia
H4215,Sobre,Serigrafia
B6159,Sticker,Corte
B6159,Sticker,Digital
J1064,Tapa,Corte
J1064,Tapa,Grabado
J1064,Tapa Forro Exterior,Corte
J1064,Tapa Forro Interior,Corte
J1064,Tapa Forro Interior,Serigrafia
B6143,Tarjeta,Corte
G0921,Tarjeta,Corte
D2407,Tarjeta,Corte
B6054,Tarjeta,Corte
B6143,Tarjeta,Acabado
B6143,Tarjeta,Serigrafia
G0921,Tarjeta,Serigrafia
B6143,Tarjeta,Serigrafia
H4191,Tela,Corte
H4191,Tela,Suaje
H4191,Tela,Acabado
H4191,Tela,Acabado
H4191,Tela,Acabado
H4191,Tela,Suaje
H4191,Tela,Serigrafia
D2353V1,Tubo,Acabado
B6082,Tubo,Acabado
